﻿Compound,ion_mode,mz
Taurocholate,pos,516.2989515
Estradiol,pos,273.1849065
L-Aspartate,pos,134.0447855
L-Cystine,pos,241.0311265
Sphingosine,pos,300.2897055
2-Pyrocatechuic acid,pos,155.033886
Glutaconic acid,pos,131.0338865
D-Fructose,pos,181.0706665
L-Kynurenine,pos,209.0920695
Lactulose,pos,343.1234915
3-Hydroxyisovaleric acid,pos,119.0702715
5alpha-Cholestanol,pos,389.3777915
Glyceraldehyde,pos,91.03897147
Coenzyme A,pos,768.1224915
D-threo-Isocitric acid,pos,193.0342815
Menadione,pos,173.0597065
"1,5-Anhydrosorbitol",pos,165.0757515
Hydroxylamine,pos,34.02874047
Quinone,pos,109.0284065
dimethyl benzimidazole,pos,147.0916745
Taurocholate,neg,514.2843985
Estradiol,neg,271.1703535
L-Aspartate,neg,132.0302325
L-Cystine,neg,239.0165735
Sphingosine,neg,298.2751525
2-Pyrocatechuic acid,neg,153.019334
Glutaconic acid,neg,129.0193335
D-Fructose,neg,179.0561135
L-Kynurenine,neg,207.0775165
Lactulose,neg,341.1089385
3-Hydroxyisovaleric acid,neg,117.0557185
5alpha-Cholestanol,neg,387.3632385
Glyceraldehyde,neg,89.02441853
Coenzyme A,neg,766.1079385
D-threo-Isocitric acid,neg,191.0197285
Menadione,neg,171.0451535
"1,5-Anhydrosorbitol",neg,163.0611985
Hydroxylamine,neg,32.01418753
Quinone,neg,107.0138535
dimethyl benzimidazole,neg,145.0771215