Compound,mz,sample_id
Taurocholate,516.2989515,1
Estradiol,273.1849065,1
L-Aspartate,134.0447855,1
L-Cystine,241.0311265,1
Sphingosine,300.2897055,1
2-Pyrocatechuic acid,155.033886,
Glutaconic acid,131.0338865,
D-Fructose,181.0706665,
L-Kynurenine,209.0920695,
Lactulose,343.1234915,
3-Hydroxyisovaleric acid,119.0702715,
5alpha-Cholestanol,389.3777915,
Glyceraldehyde,91.03897147,
Coenzyme A,768.1224915,
D-threo-Isocitric acid,193.0342815,
Menadione,173.0597065,
"1,5-Anhydrosorbitol",165.0757515,
Hydroxylamine,34.02874047,
Quinone,109.0284065,
dimethyl benzimidazole,147.0916745,